Workbook

Sheet INPUTS
B2: General parameters | C2: plant type | D2: secondary growth | E2: randomness - intensity | F2: randomness - seed | G2: =CONCATENATE("<planttype param='",INPUTS!C4,"' />") -> <planttype param='1' />
C3: [Integer value - 1 = monocot, 2 = dicot] | D3: [Integer - 0 = no secondary growth, 1 = with secondary growth] | E3: [Integer - 0 = no randomness, 3 = high randomness] | F3: [Integer - any value] | G3: =CONCATENATE("<secondarygrowth param='",INPUTS!D4,"' />") -> <secondarygrowth param='0' />
C4: 1 | D4: 0 | E4: 3 | F4: 1 | G4: =CONCATENATE("<randomness intensity='",INPUTS!E4,"' seed='",INPUTS!F4,"' />") -> <randomness intensity='3' seed='1' />
B7: Cell layers | C7: cell_diameter | D7: n_layers | E7: n_files | F7: n_cells_per_phloem | G7: ratio | H7: radius | I7: order | J7: cell_height | K7: wall_thickness | L7: smoothness
C8: [Real number - Cell width in mm] | D8: [Integer - number of layers] | E8: [Integer - number of layers] | F8: [Integer - number of layers] | G8: [Real number - ratio of protoxylem to metaxylem] | H8: [Real number, in mm - Positions the center of the cell according to the center of the root section] | I8: [Real number - Order defines the ranking of the tissue radialy] | J8: [Real number, in mm] | K8: [Real number, in mm] | L8: [Integer - 0 = no smoothness, 3 = high smoothness]
B9: central_xylem | C9: 0.066454367 | D9: 1 | E9: 1 | I9: 1 | J9: 4.34926 | K9: 0.0019710072 | L9: 0.5 | M9: =IF(SUM(INPUTS!D9:L9)>0,CONCATENATE("<",INPUTS!B9," cell_diameter='",INPUTS!C9,IF(INPUTS!D9="","",CONCATENATE("' n_layers='",INPUTS!D9)),IF(INPUTS!E9="","",CONCATENATE("' n_files='",INPUTS!E9)),IF(INPUTS!F9="","",CONCATENATE("' n_cells_per_phloem='",INPUTS!F9)),IF(INPUTS!G9="","",CONCATENATE("' ratio='",INPUTS!G9)),IF(INPUTS!H9="","",CONCATENATE("' radius='",INPUTS!H9)),IF(INPUTS!I9="","",CONCATENATE("' order='",INPUTS!I9)),IF(INPUTS!J9="","",CONCATENATE("' cell_height='",INPUTS!J9)),IF(INPUTS!K9="","",CONCATENATE("' wall_thickness='",INPUTS!K9)),IF(INPUTS!L9="","",CONCATENATE("' smoothness='",INPUTS!L9)),"' />"),"") -> <central_xylem cell_diameter='0.0664543673401689' n_layers='1' n_files='1' order='1' cell_height='4.34926' wall_thickness='0.00197100719082929' smoothness='0.5' />
B10: stele | C10: 0.012815459 | D10: 3 | I10: 2 | J10: 0.895585 | K10: 0.0012198383 | L10: 0 | M10: =IF(SUM(INPUTS!D10:L10)>0,CONCATENATE("<",INPUTS!B10," cell_diameter='",INPUTS!C10,IF(INPUTS!D10="","",CONCATENATE("' n_layers='",INPUTS!D10)),IF(INPUTS!E10="","",CONCATENATE("' n_files='",INPUTS!E10)),IF(INPUTS!F10="","",CONCATENATE("' n_cells_per_phloem='",INPUTS!F10)),IF(INPUTS!G10="","",CONCATENATE("' ratio='",INPUTS!G10)),IF(INPUTS!H10="","",CONCATENATE("' radius='",INPUTS!H10)),IF(INPUTS!I10="","",CONCATENATE("' order='",INPUTS!I10)),IF(INPUTS!J10="","",CONCATENATE("' cell_height='",INPUTS!J10)),IF(INPUTS!K10="","",CONCATENATE("' wall_thickness='",INPUTS!K10)),IF(INPUTS!L10="","",CONCATENATE("' smoothness='",INPUTS!L10)),"' />"),"") -> <stele cell_diameter='0.0128154585734043' n_layers='3' order='2' cell_height='0.895585' wall_thickness='0.00121983832025205' smoothness='0' />
B11: xylem | C11: 0.018746694 | E11: 6 | G11: 1 | H11: 0.064109381 | J11: 4.34926 | K11: 0.0018192371 | L11: 0.2 | M11: =IF(SUM(INPUTS!D11:L11)>0,CONCATENATE("<",INPUTS!B11," cell_diameter='",INPUTS!C11,IF(INPUTS!D11="","",CONCATENATE("' n_layers='",INPUTS!D11)),IF(INPUTS!E11="","",CONCATENATE("' n_files='",INPUTS!E11)),IF(INPUTS!F11="","",CONCATENATE("' n_cells_per_phloem='",INPUTS!F11)),IF(INPUTS!G11="","",CONCATENATE("' ratio='",INPUTS!G11)),IF(INPUTS!H11="","",CONCATENATE("' radius='",INPUTS!H11)),IF(INPUTS!I11="","",CONCATENATE("' order='",INPUTS!I11)),IF(INPUTS!J11="","",CONCATENATE("' cell_height='",INPUTS!J11)),IF(INPUTS!K11="","",CONCATENATE("' wall_thickness='",INPUTS!K11)),IF(INPUTS!L11="","",CONCATENATE("' smoothness='",INPUTS!L11)),"' />"),"") -> <xylem cell_diameter='0.0187466941747626' n_files='6' ratio='1' radius='0.0641093812792423' cell_height='4.34926' wall_thickness='0.00181923710842925' smoothness='0.2' />
B12: phloem | C12: 0.0181794 | H12: 0.047832824 | J12: 4.34926 | K12: 0.0015072759 | L12: 0.2 | M12: =IF(SUM(INPUTS!D12:L12)>0,CONCATENATE("<",INPUTS!B12," cell_diameter='",INPUTS!C12,IF(INPUTS!D12="","",CONCATENATE("' n_layers='",INPUTS!D12)),IF(INPUTS!E12="","",CONCATENATE("' n_files='",INPUTS!E12)),IF(INPUTS!F12="","",CONCATENATE("' n_cells_per_phloem='",INPUTS!F12)),IF(INPUTS!G12="","",CONCATENATE("' ratio='",INPUTS!G12)),IF(INPUTS!H12="","",CONCATENATE("' radius='",INPUTS!H12)),IF(INPUTS!I12="","",CONCATENATE("' order='",INPUTS!I12)),IF(INPUTS!J12="","",CONCATENATE("' cell_height='",INPUTS!J12)),IF(INPUTS!K12="","",CONCATENATE("' wall_thickness='",INPUTS!K12)),IF(INPUTS!L12="","",CONCATENATE("' smoothness='",INPUTS!L12)),"' />"),"") -> <phloem cell_diameter='0.0181793997196232' radius='0.0478328235495344' cell_height='4.34926' wall_thickness='0.00150727587492638' smoothness='0.2' />
B13: companion_cell | C13: 0.0099438749 | F13: 3 | J13: 0.895585 | K13: 0.0012198383 | L13: 0 | M13: =IF(SUM(INPUTS!D13:L13)>0,CONCATENATE("<",INPUTS!B13," cell_diameter='",INPUTS!C13,IF(INPUTS!D13="","",CONCATENATE("' n_layers='",INPUTS!D13)),IF(INPUTS!E13="","",CONCATENATE("' n_files='",INPUTS!E13)),IF(INPUTS!F13="","",CONCATENATE("' n_cells_per_phloem='",INPUTS!F13)),IF(INPUTS!G13="","",CONCATENATE("' ratio='",INPUTS!G13)),IF(INPUTS!H13="","",CONCATENATE("' radius='",INPUTS!H13)),IF(INPUTS!I13="","",CONCATENATE("' order='",INPUTS!I13)),IF(INPUTS!J13="","",CONCATENATE("' cell_height='",INPUTS!J13)),IF(INPUTS!K13="","",CONCATENATE("' wall_thickness='",INPUTS!K13)),IF(INPUTS!L13="","",CONCATENATE("' smoothness='",INPUTS!L13)),"' />"),"") -> <companion_cell cell_diameter='0.00994387485993481' n_cells_per_phloem='3' cell_height='0.895585' wall_thickness='0.00121983832025205' smoothness='0' />
B14: pericycle | C14: 0.013968484 | D14: 1 | I14: 3 | J14: 0.895585 | K14: 0.0019165684 | L14: 0.2 | M14: =IF(SUM(INPUTS!D14:L14)>0,CONCATENATE("<",INPUTS!B14," cell_diameter='",INPUTS!C14,IF(INPUTS!D14="","",CONCATENATE("' n_layers='",INPUTS!D14)),IF(INPUTS!E14="","",CONCATENATE("' n_files='",INPUTS!E14)),IF(INPUTS!F14="","",CONCATENATE("' n_cells_per_phloem='",INPUTS!F14)),IF(INPUTS!G14="","",CONCATENATE("' ratio='",INPUTS!G14)),IF(INPUTS!H14="","",CONCATENATE("' radius='",INPUTS!H14)),IF(INPUTS!I14="","",CONCATENATE("' order='",INPUTS!I14)),IF(INPUTS!J14="","",CONCATENATE("' cell_height='",INPUTS!J14)),IF(INPUTS!K14="","",CONCATENATE("' wall_thickness='",INPUTS!K14)),IF(INPUTS!L14="","",CONCATENATE("' smoothness='",INPUTS!L14)),"' />"),"") -> <pericycle cell_diameter='0.0139684844781796' n_layers='1' order='3' cell_height='0.895585' wall_thickness='0.0019165684407449' smoothness='0.2' />
B15: endodermis | C15: 0.02010529 | D15: 1 | I15: 4 | J15: 0.895585 | K15: 0.0016834981 | L15: 0.2 | M15: =IF(SUM(INPUTS!D15:L15)>0,CONCATENATE("<",INPUTS!B15," cell_diameter='",INPUTS!C15,IF(INPUTS!D15="","",CONCATENATE("' n_layers='",INPUTS!D15)),IF(INPUTS!E15="","",CONCATENATE("' n_files='",INPUTS!E15)),IF(INPUTS!F15="","",CONCATENATE("' n_cells_per_phloem='",INPUTS!F15)),IF(INPUTS!G15="","",CONCATENATE("' ratio='",INPUTS!G15)),IF(INPUTS!H15="","",CONCATENATE("' radius='",INPUTS!H15)),IF(INPUTS!I15="","",CONCATENATE("' order='",INPUTS!I15)),IF(INPUTS!J15="","",CONCATENATE("' cell_height='",INPUTS!J15)),IF(INPUTS!K15="","",CONCATENATE("' wall_thickness='",INPUTS!K15)),IF(INPUTS!L15="","",CONCATENATE("' smoothness='",INPUTS!L15)),"' />"),"") -> <endodermis cell_diameter='0.0201052900980026' n_layers='1' order='4' cell_height='0.895585' wall_thickness='0.00168349806899885' smoothness='0.2' />
B16: inner_cortex | C16: 0.029386739 | D16: 1 | I16: 5 | J16: 1.41299 | K16: 0.0025592415 | L16: 1 | M16: =IF(SUM(INPUTS!D16:L16)>0,CONCATENATE("<",INPUTS!B16," cell_diameter='",INPUTS!C16,IF(INPUTS!D16="","",CONCATENATE("' n_layers='",INPUTS!D16)),IF(INPUTS!E16="","",CONCATENATE("' n_files='",INPUTS!E16)),IF(INPUTS!F16="","",CONCATENATE("' n_cells_per_phloem='",INPUTS!F16)),IF(INPUTS!G16="","",CONCATENATE("' ratio='",INPUTS!G16)),IF(INPUTS!H16="","",CONCATENATE("' radius='",INPUTS!H16)),IF(INPUTS!I16="","",CONCATENATE("' order='",INPUTS!I16)),IF(INPUTS!J16="","",CONCATENATE("' cell_height='",INPUTS!J16)),IF(INPUTS!K16="","",CONCATENATE("' wall_thickness='",INPUTS!K16)),IF(INPUTS!L16="","",CONCATENATE("' smoothness='",INPUTS!L16)),"' />"),"") -> <inner_cortex cell_diameter='0.0293867391139454' n_layers='1' order='5' cell_height='1.41299' wall_thickness='0.00255924150265264' smoothness='1' />
B17: cortex | C17: 0.053860424 | D17: 2 | I17: 6 | J17: 1.41299 | K17: 0.0025621042 | L17: 1 | M17: =IF(SUM(INPUTS!D17:L17)>0,CONCATENATE("<",INPUTS!B17," cell_diameter='",INPUTS!C17,IF(INPUTS!D17="","",CONCATENATE("' n_layers='",INPUTS!D17)),IF(INPUTS!E17="","",CONCATENATE("' n_files='",INPUTS!E17)),IF(INPUTS!F17="","",CONCATENATE("' n_cells_per_phloem='",INPUTS!F17)),IF(INPUTS!G17="","",CONCATENATE("' ratio='",INPUTS!G17)),IF(INPUTS!H17="","",CONCATENATE("' radius='",INPUTS!H17)),IF(INPUTS!I17="","",CONCATENATE("' order='",INPUTS!I17)),IF(INPUTS!J17="","",CONCATENATE("' cell_height='",INPUTS!J17)),IF(INPUTS!K17="","",CONCATENATE("' wall_thickness='",INPUTS!K17)),IF(INPUTS!L17="","",CONCATENATE("' smoothness='",INPUTS!L17)),"' />"),"") -> <cortex cell_diameter='0.0538604238736828' n_layers='2' order='6' cell_height='1.41299' wall_thickness='0.00256210418889721' smoothness='1' />
B18: outer_cortex | M18: =IF(SUM(INPUTS!D18:L18)>0,CONCATENATE("<",INPUTS!B18," cell_diameter='",INPUTS!C18,IF(INPUTS!D18="","",CONCATENATE("' n_layers='",INPUTS!D18)),IF(INPUTS!E18="","",CONCATENATE("' n_files='",INPUTS!E18)),IF(INPUTS!F18="","",CONCATENATE("' n_cells_per_phloem='",INPUTS!F18)),IF(INPUTS!G18="","",CONCATENATE("' ratio='",INPUTS!G18)),IF(INPUTS!H18="","",CONCATENATE("' radius='",INPUTS!H18)),IF(INPUTS!I18="","",CONCATENATE("' order='",INPUTS!I18)),IF(INPUTS!J18="","",CONCATENATE("' cell_height='",INPUTS!J18)),IF(INPUTS!K18="","",CONCATENATE("' wall_thickness='",INPUTS!K18)),IF(INPUTS!L18="","",CONCATENATE("' smoothness='",INPUTS!L18)),"' />"),"")
B19: exodermis | C19: 0.04 | D19: 1 | I19: 8 | J19: 1.296576 | K19: 0.0041890642 | L19: 0.5 | M19: =IF(SUM(INPUTS!D19:L19)>0,CONCATENATE("<",INPUTS!B19," cell_diameter='",INPUTS!C19,IF(INPUTS!D19="","",CONCATENATE("' n_layers='",INPUTS!D19)),IF(INPUTS!E19="","",CONCATENATE("' n_files='",INPUTS!E19)),IF(INPUTS!F19="","",CONCATENATE("' n_cells_per_phloem='",INPUTS!F19)),IF(INPUTS!G19="","",CONCATENATE("' ratio='",INPUTS!G19)),IF(INPUTS!H19="","",CONCATENATE("' radius='",INPUTS!H19)),IF(INPUTS!I19="","",CONCATENATE("' order='",INPUTS!I19)),IF(INPUTS!J19="","",CONCATENATE("' cell_height='",INPUTS!J19)),IF(INPUTS!K19="","",CONCATENATE("' wall_thickness='",INPUTS!K19)),IF(INPUTS!L19="","",CONCATENATE("' smoothness='",INPUTS!L19)),"' />"),"") -> <exodermis cell_diameter='0.04' n_layers='1' order='8' cell_height='1.296576' wall_thickness='0.00418906420456565' smoothness='0.5' />
B20: epidermis | C20: 0.02 | D20: 1 | I20: 9 | J20: 1.296576 | K20: 0.0041890642 | L20: 0.2 | M20: =IF(SUM(INPUTS!D20:L20)>0,CONCATENATE("<",INPUTS!B20," cell_diameter='",INPUTS!C20,IF(INPUTS!D20="","",CONCATENATE("' n_layers='",INPUTS!D20)),IF(INPUTS!E20="","",CONCATENATE("' n_files='",INPUTS!E20)),IF(INPUTS!F20="","",CONCATENATE("' n_cells_per_phloem='",INPUTS!F20)),IF(INPUTS!G20="","",CONCATENATE("' ratio='",INPUTS!G20)),IF(INPUTS!H20="","",CONCATENATE("' radius='",INPUTS!H20)),IF(INPUTS!I20="","",CONCATENATE("' order='",INPUTS!I20)),IF(INPUTS!J20="","",CONCATENATE("' cell_height='",INPUTS!J20)),IF(INPUTS!K20="","",CONCATENATE("' wall_thickness='",INPUTS!K20)),IF(INPUTS!L20="","",CONCATENATE("' smoothness='",INPUTS!L20)),"' />"),"") -> <epidermis cell_diameter='0.02' n_layers='1' order='9' cell_height='1.296576' wall_thickness='0.00418906420456565' smoothness='0.2' />
B22: Others | C22: proportion | D22: n_files
C23: [Real number] | D23: [Integer]
B24: aerenchyma | C24: 0 | D24: 10 | E24: =IF(SUM(C24:D24)=0,"",CONCATENATE("<", B24, IF(C24="","",CONCATENATE(" proportion='",C24)),IF(C24="","",CONCATENATE("' n_files='",D24)),"' />")) -> <aerenchyma proportion='0' n_files='10' />
B26: Others | C26: length | D26: n_files
C27: [Real number] | D27: [Integer]
B28: hair | E28: =IF(SUM(C28:D28)=0,"",CONCATENATE("<", B28, IF(C28="","",CONCATENATE(" length='",C28)),IF(C28="","",CONCATENATE("' n_files='",D28)),"' />"))

Sheet xml
A1: <?xml version='1.0' encoding='utf-8'?>
A4: <granar>
B6: <!-- General parameters -->
B7: =CONCATENATE("<planttype param='",INPUTS!C4,"' />") -> <planttype param='1' />
B8: =CONCATENATE("<secondarygrowth param='",INPUTS!D4,"' />") -> <secondarygrowth param='0' />
B9: =CONCATENATE("<randomness intensity='",INPUTS!E4,"' seed='",INPUTS!F4,"' />") -> <randomness intensity='3' seed='1' />
B11: <!-- Cell layers -->
B12: =IF(SUM(INPUTS!D9:L9)>0,CONCATENATE("<",INPUTS!B9," cell_diameter='",INPUTS!C9,IF(INPUTS!D9="","",CONCATENATE("' n_layers='",INPUTS!D9)),IF(INPUTS!E9="","",CONCATENATE("' n_files='",INPUTS!E9)),IF(INPUTS!F9="","",CONCATENATE("' n_cells_per_phloem='",INPUTS!F9)),IF(INPUTS!G9="","",CONCATENATE("' ratio='",INPUTS!G9)),IF(INPUTS!H9="","",CONCATENATE("' radius='",INPUTS!H9)),IF(INPUTS!I9="","",CONCATENATE("' order='",INPUTS!I9)),IF(INPUTS!J9="","",CONCATENATE("' cell_height='",INPUTS!J9)),IF(INPUTS!K9="","",CONCATENATE("' wall_thickness='",INPUTS!K9)),IF(INPUTS!L9="","",CONCATENATE("' smoothness='",INPUTS!L9)),"' />"),"") -> <central_xylem cell_diameter='0.0664543673401689' n_layers='1' n_files='1' order='1' cell_height='4.34926' wall_thickness='0.00197100719082929' smoothness='0.5' />
B13: =IF(SUM(INPUTS!D10:L10)>0,CONCATENATE("<",INPUTS!B10," cell_diameter='",INPUTS!C10,IF(INPUTS!D10="","",CONCATENATE("' n_layers='",INPUTS!D10)),IF(INPUTS!E10="","",CONCATENATE("' n_files='",INPUTS!E10)),IF(INPUTS!F10="","",CONCATENATE("' n_cells_per_phloem='",INPUTS!F10)),IF(INPUTS!G10="","",CONCATENATE("' ratio='",INPUTS!G10)),IF(INPUTS!H10="","",CONCATENATE("' radius='",INPUTS!H10)),IF(INPUTS!I10="","",CONCATENATE("' order='",INPUTS!I10)),IF(INPUTS!J10="","",CONCATENATE("' cell_height='",INPUTS!J10)),IF(INPUTS!K10="","",CONCATENATE("' wall_thickness='",INPUTS!K10)),IF(INPUTS!L10="","",CONCATENATE("' smoothness='",INPUTS!L10)),"' />"),"") -> <stele cell_diameter='0.0128154585734043' n_layers='3' order='2' cell_height='0.895585' wall_thickness='0.00121983832025205' smoothness='0' />
B14: =IF(SUM(INPUTS!D11:L11)>0,CONCATENATE("<",INPUTS!B11," cell_diameter='",INPUTS!C11,IF(INPUTS!D11="","",CONCATENATE("' n_layers='",INPUTS!D11)),IF(INPUTS!E11="","",CONCATENATE("' n_files='",INPUTS!E11)),IF(INPUTS!F11="","",CONCATENATE("' n_cells_per_phloem='",INPUTS!F11)),IF(INPUTS!G11="","",CONCATENATE("' ratio='",INPUTS!G11)),IF(INPUTS!H11="","",CONCATENATE("' radius='",INPUTS!H11)),IF(INPUTS!I11="","",CONCATENATE("' order='",INPUTS!I11)),IF(INPUTS!J11="","",CONCATENATE("' cell_height='",INPUTS!J11)),IF(INPUTS!K11="","",CONCATENATE("' wall_thickness='",INPUTS!K11)),IF(INPUTS!L11="","",CONCATENATE("' smoothness='",INPUTS!L11)),"' />"),"") -> <xylem cell_diameter='0.0187466941747626' n_files='6' ratio='1' radius='0.0641093812792423' cell_height='4.34926' wall_thickness='0.00181923710842925' smoothness='0.2' />
B15: =IF(SUM(INPUTS!D12:L12)>0,CONCATENATE("<",INPUTS!B12," cell_diameter='",INPUTS!C12,IF(INPUTS!D12="","",CONCATENATE("' n_layers='",INPUTS!D12)),IF(INPUTS!E12="","",CONCATENATE("' n_files='",INPUTS!E12)),IF(INPUTS!F12="","",CONCATENATE("' n_cells_per_phloem='",INPUTS!F12)),IF(INPUTS!G12="","",CONCATENATE("' ratio='",INPUTS!G12)),IF(INPUTS!H12="","",CONCATENATE("' radius='",INPUTS!H12)),IF(INPUTS!I12="","",CONCATENATE("' order='",INPUTS!I12)),IF(INPUTS!J12="","",CONCATENATE("' cell_height='",INPUTS!J12)),IF(INPUTS!K12="","",CONCATENATE("' wall_thickness='",INPUTS!K12)),IF(INPUTS!L12="","",CONCATENATE("' smoothness='",INPUTS!L12)),"' />"),"") -> <phloem cell_diameter='0.0181793997196232' radius='0.0478328235495344' cell_height='4.34926' wall_thickness='0.00150727587492638' smoothness='0.2' />
B16: =IF(SUM(INPUTS!D13:L13)>0,CONCATENATE("<",INPUTS!B13," cell_diameter='",INPUTS!C13,IF(INPUTS!D13="","",CONCATENATE("' n_layers='",INPUTS!D13)),IF(INPUTS!E13="","",CONCATENATE("' n_files='",INPUTS!E13)),IF(INPUTS!F13="","",CONCATENATE("' n_cells_per_phloem='",INPUTS!F13)),IF(INPUTS!G13="","",CONCATENATE("' ratio='",INPUTS!G13)),IF(INPUTS!H13="","",CONCATENATE("' radius='",INPUTS!H13)),IF(INPUTS!I13="","",CONCATENATE("' order='",INPUTS!I13)),IF(INPUTS!J13="","",CONCATENATE("' cell_height='",INPUTS!J13)),IF(INPUTS!K13="","",CONCATENATE("' wall_thickness='",INPUTS!K13)),IF(INPUTS!L13="","",CONCATENATE("' smoothness='",INPUTS!L13)),"' />"),"") -> <companion_cell cell_diameter='0.00994387485993481' n_cells_per_phloem='3' cell_height='0.895585' wall_thickness='0.00121983832025205' smoothness='0' />
B17: =IF(SUM(INPUTS!D14:L14)>0,CONCATENATE("<",INPUTS!B14," cell_diameter='",INPUTS!C14,IF(INPUTS!D14="","",CONCATENATE("' n_layers='",INPUTS!D14)),IF(INPUTS!E14="","",CONCATENATE("' n_files='",INPUTS!E14)),IF(INPUTS!F14="","",CONCATENATE("' n_cells_per_phloem='",INPUTS!F14)),IF(INPUTS!G14="","",CONCATENATE("' ratio='",INPUTS!G14)),IF(INPUTS!H14="","",CONCATENATE("' radius='",INPUTS!H14)),IF(INPUTS!I14="","",CONCATENATE("' order='",INPUTS!I14)),IF(INPUTS!J14="","",CONCATENATE("' cell_height='",INPUTS!J14)),IF(INPUTS!K14="","",CONCATENATE("' wall_thickness='",INPUTS!K14)),IF(INPUTS!L14="","",CONCATENATE("' smoothness='",INPUTS!L14)),"' />"),"") -> <pericycle cell_diameter='0.0139684844781796' n_layers='1' order='3' cell_height='0.895585' wall_thickness='0.0019165684407449' smoothness='0.2' />
B18: =IF(SUM(INPUTS!D15:L15)>0,CONCATENATE("<",INPUTS!B15," cell_diameter='",INPUTS!C15,IF(INPUTS!D15="","",CONCATENATE("' n_layers='",INPUTS!D15)),IF(INPUTS!E15="","",CONCATENATE("' n_files='",INPUTS!E15)),IF(INPUTS!F15="","",CONCATENATE("' n_cells_per_phloem='",INPUTS!F15)),IF(INPUTS!G15="","",CONCATENATE("' ratio='",INPUTS!G15)),IF(INPUTS!H15="","",CONCATENATE("' radius='",INPUTS!H15)),IF(INPUTS!I15="","",CONCATENATE("' order='",INPUTS!I15)),IF(INPUTS!J15="","",CONCATENATE("' cell_height='",INPUTS!J15)),IF(INPUTS!K15="","",CONCATENATE("' wall_thickness='",INPUTS!K15)),IF(INPUTS!L15="","",CONCATENATE("' smoothness='",INPUTS!L15)),"' />"),"") -> <endodermis cell_diameter='0.0201052900980026' n_layers='1' order='4' cell_height='0.895585' wall_thickness='0.00168349806899885' smoothness='0.2' />
B19: =IF(SUM(INPUTS!D16:L16)>0,CONCATENATE("<",INPUTS!B16," cell_diameter='",INPUTS!C16,IF(INPUTS!D16="","",CONCATENATE("' n_layers='",INPUTS!D16)),IF(INPUTS!E16="","",CONCATENATE("' n_files='",INPUTS!E16)),IF(INPUTS!F16="","",CONCATENATE("' n_cells_per_phloem='",INPUTS!F16)),IF(INPUTS!G16="","",CONCATENATE("' ratio='",INPUTS!G16)),IF(INPUTS!H16="","",CONCATENATE("' radius='",INPUTS!H16)),IF(INPUTS!I16="","",CONCATENATE("' order='",INPUTS!I16)),IF(INPUTS!J16="","",CONCATENATE("' cell_height='",INPUTS!J16)),IF(INPUTS!K16="","",CONCATENATE("' wall_thickness='",INPUTS!K16)),IF(INPUTS!L16="","",CONCATENATE("' smoothness='",INPUTS!L16)),"' />"),"") -> <inner_cortex cell_diameter='0.0293867391139454' n_layers='1' order='5' cell_height='1.41299' wall_thickness='0.00255924150265264' smoothness='1' />
B20: =IF(SUM(INPUTS!D17:L17)>0,CONCATENATE("<",INPUTS!B17," cell_diameter='",INPUTS!C17,IF(INPUTS!D17="","",CONCATENATE("' n_layers='",INPUTS!D17)),IF(INPUTS!E17="","",CONCATENATE("' n_files='",INPUTS!E17)),IF(INPUTS!F17="","",CONCATENATE("' n_cells_per_phloem='",INPUTS!F17)),IF(INPUTS!G17="","",CONCATENATE("' ratio='",INPUTS!G17)),IF(INPUTS!H17="","",CONCATENATE("' radius='",INPUTS!H17)),IF(INPUTS!I17="","",CONCATENATE("' order='",INPUTS!I17)),IF(INPUTS!J17="","",CONCATENATE("' cell_height='",INPUTS!J17)),IF(INPUTS!K17="","",CONCATENATE("' wall_thickness='",INPUTS!K17)),IF(INPUTS!L17="","",CONCATENATE("' smoothness='",INPUTS!L17)),"' />"),"") -> <cortex cell_diameter='0.0538604238736828' n_layers='2' order='6' cell_height='1.41299' wall_thickness='0.00256210418889721' smoothness='1' />
B21: =IF(SUM(INPUTS!D18:L18)>0,CONCATENATE("<",INPUTS!B18," cell_diameter='",INPUTS!C18,IF(INPUTS!D18="","",CONCATENATE("' n_layers='",INPUTS!D18)),IF(INPUTS!E18="","",CONCATENATE("' n_files='",INPUTS!E18)),IF(INPUTS!F18="","",CONCATENATE("' n_cells_per_phloem='",INPUTS!F18)),IF(INPUTS!G18="","",CONCATENATE("' ratio='",INPUTS!G18)),IF(INPUTS!H18="","",CONCATENATE("' radius='",INPUTS!H18)),IF(INPUTS!I18="","",CONCATENATE("' order='",INPUTS!I18)),IF(INPUTS!J18="","",CONCATENATE("' cell_height='",INPUTS!J18)),IF(INPUTS!K18="","",CONCATENATE("' wall_thickness='",INPUTS!K18)),IF(INPUTS!L18="","",CONCATENATE("' smoothness='",INPUTS!L18)),"' />"),"")
B22: =IF(SUM(INPUTS!D19:L19)>0,CONCATENATE("<",INPUTS!B19," cell_diameter='",INPUTS!C19,IF(INPUTS!D19="","",CONCATENATE("' n_layers='",INPUTS!D19)),IF(INPUTS!E19="","",CONCATENATE("' n_files='",INPUTS!E19)),IF(INPUTS!F19="","",CONCATENATE("' n_cells_per_phloem='",INPUTS!F19)),IF(INPUTS!G19="","",CONCATENATE("' ratio='",INPUTS!G19)),IF(INPUTS!H19="","",CONCATENATE("' radius='",INPUTS!H19)),IF(INPUTS!I19="","",CONCATENATE("' order='",INPUTS!I19)),IF(INPUTS!J19="","",CONCATENATE("' cell_height='",INPUTS!J19)),IF(INPUTS!K19="","",CONCATENATE("' wall_thickness='",INPUTS!K19)),IF(INPUTS!L19="","",CONCATENATE("' smoothness='",INPUTS!L19)),"' />"),"") -> <exodermis cell_diameter='0.04' n_layers='1' order='8' cell_height='1.296576' wall_thickness='0.00418906420456565' smoothness='0.5' />
B23: =IF(SUM(INPUTS!D20:L20)>0,CONCATENATE("<",INPUTS!B20," cell_diameter='",INPUTS!C20,IF(INPUTS!D20="","",CONCATENATE("' n_layers='",INPUTS!D20)),IF(INPUTS!E20="","",CONCATENATE("' n_files='",INPUTS!E20)),IF(INPUTS!F20="","",CONCATENATE("' n_cells_per_phloem='",INPUTS!F20)),IF(INPUTS!G20="","",CONCATENATE("' ratio='",INPUTS!G20)),IF(INPUTS!H20="","",CONCATENATE("' radius='",INPUTS!H20)),IF(INPUTS!I20="","",CONCATENATE("' order='",INPUTS!I20)),IF(INPUTS!J20="","",CONCATENATE("' cell_height='",INPUTS!J20)),IF(INPUTS!K20="","",CONCATENATE("' wall_thickness='",INPUTS!K20)),IF(INPUTS!L20="","",CONCATENATE("' smoothness='",INPUTS!L20)),"' />"),"") -> <epidermis cell_diameter='0.02' n_layers='1' order='9' cell_height='1.296576' wall_thickness='0.00418906420456565' smoothness='0.2' />
B25: <!-- Other cell types -->
B26: =IF(SUM(INPUTS!C24:D24)=0,"",CONCATENATE("<", INPUTS!B24, IF(INPUTS!C24="","",CONCATENATE(" proportion='",INPUTS!C24)),IF(INPUTS!C24="","",CONCATENATE("' n_files='",INPUTS!D24)),"' />")) -> <aerenchyma proportion='0' n_files='10' />
B27: =IF(SUM(INPUTS!C28:C28)=0,"",CONCATENATE("<", INPUTS!B28, IF(INPUTS!C28="","",CONCATENATE(" length='",INPUTS!C28)),IF(INPUTS!C28="","",CONCATENATE("' n_files='",INPUTS!D28)),"' />"))
A29: </granar>
